timestamp,balance,cycle_pnl,total_pnl
2025-10-08T18:29:37.013164+00:00,5000.0,0.0,0.0
2025-10-08T18:30:09.412232+00:00,5000.0,0.0,0.0
2025-10-08T18:36:37.561922+00:00,5000.0,0.0,0.0
2025-10-08T18:41:51.057889+00:00,5000.0,0.0,0.0
2025-10-08T18:44:45.371360+00:00,5000.0,0.0,0.0
2025-10-08T18:46:58.093240+00:00,5000.0,0.0,0.0
2025-10-08T18:47:41.046776+00:00,50000.0,0.0,0.0
2025-10-08T18:48:41.066383+00:00,49992.82498738183,-7.175012618175587,-7.175012618172332
2025-10-08T18:49:41.092832+00:00,49974.29157600434,-18.53341137748607,-25.70842399566027
2025-10-08T18:50:41.101807+00:00,49986.28639346616,11.994817461818904,-13.713606533841812
2025-10-08T18:51:41.118840+00:00,49988.43521001054,2.148816544381419,-11.564789989461133
2025-10-08T18:52:41.133151+00:00,49981.339714612164,-7.095495398373706,-18.660285387835756
2025-10-08T18:53:41.144236+00:00,49993.84740588107,12.507691268906386,-6.152594118932029
2025-10-08T18:54:34.467083+00:00,5000.0,0.0,0.0
2025-10-08T18:54:41.209794+00:00,49971.846010515896,-22.001395365173934,-28.153989484104386
2025-10-08T18:55:41.228950+00:00,49965.84307532445,-6.002935191450469,-34.156924675553455
2025-10-08T18:56:41.232150+00:00,49976.36787544115,10.524800116705658,-23.632124558847863
2025-10-08T18:57:41.243552+00:00,49978.57154047292,2.2036650317692303,-21.428459527080122
2025-10-08T18:58:41.256576+00:00,49962.705216527116,-15.866323945804684,-37.294783472883864
2025-10-08T18:59:41.311554+00:00,49971.91280179438,9.207585267261091,-28.087198205619643
2025-10-08T19:00:41.321359+00:00,49975.38487909238,3.4720772979977577,-24.615120907619712
2025-10-08T19:01:41.343503+00:00,49975.6630331979,0.27815410552340136,-24.336966802096867
2025-10-08T19:02:37.021098+00:00,50000.0,0.0,0.0
2025-10-08T19:03:37.035306+00:00,50017.0546633345,17.054663334502667,17.05466333450022
2025-10-08T19:04:19.650236+00:00,50000.0,0.0,0.0
2025-10-08T19:04:29.701256+00:00,49994.78612867821,-5.213871321784867,-5.213871321786428
2025-10-08T19:04:39.761201+00:00,49994.41494627421,-0.3711824040025909,-5.585053725786565
2025-10-08T19:04:49.773750+00:00,50002.80260493336,8.387658659144305,2.8026049333566334
2025-10-08T19:04:59.789794+00:00,50002.32077350968,-0.4818314236764121,2.3207735096802935
2025-10-08T19:05:09.798164+00:00,50004.41700455426,2.0962310445846195,4.417004554263258
2025-10-08T19:05:40.462955+00:00,50005.12926954693,0.7122649926659912,5.129269546931027
2025-10-08T19:05:50.472944+00:00,49995.2017434605,-9.927526086433339,-4.798256539499562
2025-10-08T19:06:00.487380+00:00,49995.68556731538,0.48382385487748636,-4.314432684623171
2025-10-08T19:06:10.505475+00:00,49992.913029360345,-2.772537955033895,-7.086970639655192
2025-10-08T19:09:46.590803+00:00,50000.0,0.0,0.0
2025-10-08T19:10:00.240007+00:00,49995.028850161805,-4.9711498381977055,-4.971149838194833
2025-10-08T19:10:10.249596+00:00,49994.600196584724,-0.42865357708263024,-5.399803415275528
2025-10-08T19:10:20.258895+00:00,49983.85523122222,-10.744965362511545,-16.14476877778361
2025-10-08T19:10:30.252962+00:00,49984.712063743646,0.8568325214281494,-15.287936256354442
2025-10-08T19:10:40.253632+00:00,49995.25682864587,10.54476490222138,-4.743171354130027
2025-10-08T19:10:50.308823+00:00,49994.96022609385,-0.2966025520186927,-5.039773906151822
2025-10-08T19:11:00.323778+00:00,49983.36387983496,-11.59634625888969,-16.636120165043394
2025-10-08T19:11:10.387753+00:00,49980.130472248384,-3.233407586572143,-19.86952775161626
2025-10-08T19:11:20.398350+00:00,49979.69425733239,-0.4362149159922151,-20.305742667609593
2025-10-08T19:11:30.411415+00:00,49979.69425733239,0.0,-20.305742667609593
2025-10-08T19:11:40.422134+00:00,49981.87474725465,2.1804899222616365,-18.125252745347098
2025-10-08T19:11:50.481491+00:00,49979.39518493406,-2.479562320596324,-20.604815065940784
2025-10-08T19:12:00.494371+00:00,49977.10146938,-2.2937155540558916,-22.898530619997473
2025-10-08T19:12:10.506075+00:00,49978.04317824245,0.9417088624473252,-21.956821757550642
2025-10-08T19:12:20.542071+00:00,49979.06194847836,1.0187702359115514,-20.938051521639863
2025-10-08T19:12:36.103891+00:00,50000.0,0.0,0.0
2025-10-08T19:12:48.179220+00:00,49996.32349367784,-3.6765063221606713,-3.6765063221610035
2025-10-08T19:12:58.177268+00:00,49996.32349367784,0.0,-3.6765063221610035
2025-10-08T19:13:08.187492+00:00,49980.89786851334,-15.425625164497747,-19.102131486659346
2025-10-08T19:13:18.186882+00:00,49980.57479589643,-0.3230726169096966,-19.42520410357247
2025-10-08T19:13:28.205125+00:00,49980.83890586645,0.26410997002120534,-19.16109413355298
2025-10-08T19:13:38.241535+00:00,49981.691253934965,0.8523480685194339,-18.30874606503494
2025-10-08T19:13:48.246608+00:00,49981.27314970002,-0.41810423494263915,-18.72685029997956
2025-10-08T19:13:58.309641+00:00,49982.49573220243,1.2225825024085641,-17.50426779757254
2025-10-08T19:14:08.318651+00:00,49975.913184949095,-6.582547253329581,-24.08681505090499
2025-10-08T19:14:18.319119+00:00,49976.780290590774,0.8671056416798448,-23.219709409226198
2025-10-08T19:14:28.337502+00:00,49979.8174874311,3.037196840326971,-20.182512568899256
2025-10-08T19:14:38.332799+00:00,49981.590907253274,1.773419822171389,-18.409092746725946
2025-10-08T19:14:48.348609+00:00,49984.75893410749,3.168026854220785,-15.241065892507322
2025-10-08T19:14:58.418462+00:00,49982.40593284539,-2.3530012621066216,-17.594067154612276
2025-10-08T19:15:08.424364+00:00,49994.42787109964,12.02193825424654,-5.572128900363168
2025-10-08T19:15:18.451670+00:00,49995.569702352834,1.1418312531948378,-4.430297647166299
2025-10-08T19:15:28.513142+00:00,49995.38384869051,-0.1858536623257174,-4.616151309492125
2025-10-08T19:15:38.519029+00:00,50003.25732241626,7.873473725757746,3.2573224162624683
2025-10-08T19:15:48.538714+00:00,50007.776529416005,4.5192069997404465,7.77652941600536
2025-10-08T19:15:58.546425+00:00,50007.00576716307,-0.7707622529352293,7.005767163071141
2025-10-08T19:16:08.569034+00:00,49993.11608670535,-13.889680457722623,-6.883913294652302
2025-10-08T19:16:18.574627+00:00,49992.71251539652,-0.4035713088317009,-7.287484603482881
2025-10-08T19:16:28.591323+00:00,49983.40081537576,-9.311700020757021,-16.59918462423957
2025-10-08T19:16:38.593524+00:00,49984.73374384889,1.3329284731316628,-15.266256151109701
2025-10-08T19:16:48.600156+00:00,49982.16684136293,-2.56690248596134,-17.833158637069573
2025-10-08T19:16:58.606316+00:00,49980.719798395294,-1.4470429676350829,-19.280201604706235
2025-10-08T19:17:08.613947+00:00,49998.889233599984,18.169435204687957,-1.1107664000155637
2025-10-08T19:17:18.659547+00:00,49997.8517556381,-1.0374779618846701,-2.1482443619024707
2025-10-08T19:17:28.681614+00:00,49985.33941377791,-12.512341860188766,-14.660586222089478
2025-10-08T19:17:38.743407+00:00,49987.037135194834,1.69772141692563,-12.962864805165736
2025-10-08T19:17:48.752894+00:00,50009.55592390977,22.518788714936584,9.555923909771082
2025-10-08T19:17:58.803965+00:00,50009.07798689729,-0.47793701247847253,9.07798689728952
2025-10-08T19:18:08.828050+00:00,50013.25700247003,4.1790155727465255,13.257002470032603
2025-10-08T19:18:18.887531+00:00,50016.95580019016,3.6987977201286926,16.955800190160517
2025-10-08T19:18:28.894173+00:00,50014.2703733593,-2.6854268308611813,14.27037335930072
2025-10-08T19:18:38.930948+00:00,50018.88847626921,4.61810290991229,18.888476269210514
2025-10-08T19:18:48.938139+00:00,50018.20525856236,-0.6832177068500319,18.20525856236054
2025-10-08T19:18:58.946092+00:00,50015.407297604885,-2.797960957473975,15.407297604884661
2025-10-08T19:19:08.937731+00:00,50015.26551664111,-0.1417809637702602,15.265516641113209
2025-10-08T19:19:18.997666+00:00,50028.34761019948,13.082093558368722,28.347610199482006
2025-10-08T19:19:29.007927+00:00,50026.841033508084,-1.5065766913975018,26.841033508084365
2025-10-08T19:19:39.015493+00:00,50026.841033508084,0.0,26.841033508084365
2025-10-08T19:19:49.015306+00:00,50025.63712818632,-1.203905321769675,25.637128186317568
2025-10-08T19:19:59.074441+00:00,50027.9988847028,2.3617565164846677,27.99888470279984
2025-10-08T19:20:09.105149+00:00,50010.918468421085,-17.08041628171714,10.918468421084981
2025-10-08T19:20:19.113625+00:00,50010.918468421085,0.0,10.918468421084981
2025-10-08T19:20:29.116124+00:00,50012.49114764605,1.5726792249623662,12.491147646047466
2025-10-08T19:20:39.125419+00:00,50011.34690808196,-1.1442395640876009,11.346908081963193
2025-10-08T19:20:49.182968+00:00,50015.83285650211,4.485948420147417,15.832856502107461
2025-10-08T19:20:59.190250+00:00,50015.83285650211,0.0,15.832856502107461
2025-10-08T19:21:09.215576+00:00,50024.15385255954,8.320996057430342,24.15385255953879
2025-10-08T19:21:19.225999+00:00,50024.7282306167,0.5743780571680068,24.728230616703513
2025-10-08T19:21:29.242069+00:00,50025.79710679837,1.0688761816652228,25.797106798367167
2025-10-08T19:21:39.309375+00:00,50024.670936091316,-1.1261707070518574,24.670936091315525
2025-10-08T19:21:49.312168+00:00,50023.403395295885,-1.267540795428023,23.403395295885275
2025-10-08T19:21:59.324217+00:00,50023.14080443335,-0.2625908625327618,23.14080443335115
2025-10-08T19:22:09.331545+00:00,50025.20060709159,2.059802658236681,25.20060709158861
2025-10-08T19:22:19.348333+00:00,50018.07309799858,-7.127509093003679,18.073097998581943
2025-10-08T19:22:29.402388+00:00,50017.535481377534,-0.5376166210447549,17.53548137753387
2025-10-08T19:22:39.406193+00:00,50019.06712394236,1.5316425648284722,19.067123942360922
2025-10-08T19:22:49.425634+00:00,50020.06090437321,0.993780430847203,20.060904373211088
2025-10-08T19:22:59.495558+00:00,50017.646126966654,-2.414777406556354,17.646126966654265
2025-10-08T19:23:09.512764+00:00,50012.427253595626,-5.218873371024598,12.427253595626098
2025-10-08T19:23:19.517615+00:00,50015.87972387289,3.452470277258555,15.879723872887553
2025-10-08T19:23:29.537926+00:00,49998.834422891356,-17.045300981531664,-1.1655771086443565
2025-10-08T19:23:39.531849+00:00,50000.75130954776,1.9168866564041946,0.7513095477625029
2025-10-08T19:23:49.590403+00:00,50006.57082221881,5.819512671052001,6.570822218811372
2025-10-08T19:23:59.646231+00:00,50005.552278035044,-1.0185441837705964,5.552278035043855
2025-10-08T19:24:09.659888+00:00,50002.71804002299,-2.834238012053768,2.7180400229917723
2025-10-08T19:24:19.658880+00:00,50000.70236214332,-2.01567787967632,0.7023621433181688
2025-10-08T19:24:29.683196+00:00,50002.9023509164,2.1999887730879455,2.9023509164035204
2025-10-08T19:24:39.695264+00:00,49993.899305755804,-9.003045160601848,-6.100694244196347
2025-10-08T19:24:49.707299+00:00,49995.36277337143,1.4634676156288553,-4.637226628568897
2025-10-08T19:24:59.706821+00:00,49998.49947377398,3.1367004025525542,-1.5005262260165182
2025-10-08T19:25:09.706379+00:00,50001.2523741916,2.752900417615642,1.2523741916011204
2025-10-08T19:25:19.750178+00:00,49998.258984912434,-2.9933892791658976,-1.7410150875657564
2025-10-08T19:25:29.808475+00:00,49995.7229828672,-2.5360020452327263,-4.27701713280112
2025-10-08T19:25:39.843672+00:00,50002.39187037424,6.668887507041736,2.3918703742383514
2025-10-08T19:25:49.870832+00:00,50002.39187037424,0.0,2.3918703742383514
2025-10-08T19:25:59.913922+00:00,50007.792512713066,5.40064233882885,7.792512713065662
2025-10-08T19:26:09.921913+00:00,50007.631049252544,-0.1614634605186872,7.6310492525444715
2025-10-08T19:26:19.962277+00:00,49997.13411254988,-10.496936702667636,-2.8658874501197715
2025-10-08T19:26:29.975568+00:00,49997.13411254988,0.0,-2.8658874501197715
2025-10-08T19:26:39.993075+00:00,49989.545366396254,-7.588746153627679,-10.454633603745606
2025-10-08T19:26:50.007313+00:00,49989.862036978855,0.31667058259979547,-10.13796302114497
2025-10-08T19:27:00.010961+00:00,49990.0088465965,0.146809617649853,-9.991153403498174
2025-10-08T19:27:10.015133+00:00,49989.692106673516,-0.31673992298306214,-10.30789332648419
2025-10-08T19:27:20.041709+00:00,49993.06216331988,3.3700566463632757,-6.937836680117471
2025-10-08T19:27:30.046208+00:00,49993.93391118966,0.8717478697790042,-6.066088810337533
2025-10-08T19:27:40.094888+00:00,49980.41942970153,-13.514481488134148,-19.580570298472594
2025-10-08T19:27:50.103900+00:00,49973.25526977326,-7.1641599282680755,-26.744730226739193
2025-10-08T19:28:00.121086+00:00,49973.645991031866,0.3907212586078031,-26.354008968133712
2025-10-08T19:28:10.151036+00:00,49986.24813793057,12.602146898698866,-13.751862069431809
2025-10-08T19:28:20.165777+00:00,49988.41942517331,2.171287242745664,-11.580574826686643
2025-10-08T19:28:30.179640+00:00,49989.89433455917,1.4749093858543085,-10.105665440831217
2025-10-08T19:28:40.193651+00:00,49975.07905362058,-14.815280938587158,-24.920946379417728
2025-10-08T19:28:50.221853+00:00,49976.19089230588,1.1118386852983801,-23.80910769412003
2025-10-08T19:29:00.223258+00:00,49991.4149252193,15.224032913425177,-8.58507478069805
2025-10-08T19:29:10.221485+00:00,49996.250163846926,4.835238627623886,-3.749836153074284
2025-10-08T19:29:20.222121+00:00,49993.41840319497,-2.831760651952372,-6.581596805030131
2025-10-08T19:29:30.282358+00:00,49993.60149989075,0.18309669577789278,-6.398500109251472
2025-10-08T19:29:40.288310+00:00,49992.49728395621,-1.1042159345385691,-7.502716043789405
2025-10-08T19:29:50.287083+00:00,49994.40375446453,1.906470508324481,-5.59624553546746
2025-10-08T19:30:00.333369+00:00,49993.158787585555,-1.2449668789805994,-6.841212414445181
2025-10-08T19:30:10.354376+00:00,49995.154305893746,1.9955183081932912,-4.845694106254086
2025-10-08T19:30:20.361123+00:00,49978.527331124766,-16.626974768983573,-21.472668875234376
2025-10-08T19:30:30.419246+00:00,49976.25126871985,-2.276062404921785,-23.74873128015315
2025-10-08T19:30:40.481181+00:00,49982.766258967604,6.514990247758951,-17.23374103239621
2025-10-08T19:30:50.484661+00:00,49983.928023300905,1.1617643332997913,-16.071976699095103
2025-10-08T19:31:00.486290+00:00,49990.69443907161,6.766415770705626,-9.30556092839106
2025-10-08T19:31:10.494011+00:00,49989.551529191645,-1.142909879961697,-10.448470808354614
2025-10-08T19:31:20.502511+00:00,49991.11111971756,1.559590525921128,-8.88888028243673
2025-10-08T19:31:30.525420+00:00,49990.51699866918,-0.5941210483796109,-9.483001330816478
2025-10-08T19:31:40.540124+00:00,49991.823699996196,1.3067013270108419,-8.1763000038045
2025-10-08T19:31:50.549126+00:00,49991.823699996196,0.0,-8.1763000038045
2025-10-08T19:32:00.549625+00:00,49989.28265671747,-2.5410432787271873,-10.717343282529328
2025-10-08T19:32:10.570386+00:00,49989.28265671747,0.0,-10.717343282529328
2025-10-08T19:32:20.617247+00:00,49981.26623144082,-8.016425276650018,-18.733768559177406
2025-10-08T19:32:30.615883+00:00,49981.26623144082,0.0,-18.733768559177406
2025-10-08T19:32:40.646916+00:00,49981.26013839986,-0.006093040958804086,-18.739861600137374
2025-10-08T19:32:50.661399+00:00,49976.59049455867,-4.669643841192514,-23.409505441326473
2025-10-08T19:33:00.673218+00:00,49983.9559668825,7.365472323830263,-16.044033117497747
2025-10-08T19:33:10.730879+00:00,49990.46692139735,6.510954514841023,-9.533078602653404
2025-10-08T19:33:20.735155+00:00,49986.89172341529,-3.5751979820563955,-13.108276584709529
2025-10-08T19:33:30.771363+00:00,49986.69739379332,-0.19432962196780587,-13.30260620667832
2025-10-08T19:33:40.783342+00:00,50008.79643023354,22.099036440216295,8.796430233538558
2025-10-08T19:33:50.780756+00:00,50007.82597805891,-0.9704521746313409,7.825978058906912
2025-10-08T19:34:00.789007+00:00,50008.14573353396,0.31975547504821633,8.145733533958264
2025-10-08T19:34:10.838786+00:00,50009.82562185888,1.6798883249184091,9.825621858879458
2025-10-08T19:34:20.879103+00:00,50004.219610148226,-5.606011710654013,4.219610148225911
2025-10-08T19:34:30.894183+00:00,50004.219610148226,0.0,4.219610148225911
2025-10-08T19:34:40.951707+00:00,49993.38436809949,-10.835242048735584,-6.61563190050947
2025-10-08T19:34:50.954564+00:00,49993.38436809949,0.0,-6.61563190050947
2025-10-08T19:35:00.955263+00:00,49998.09564153122,4.711273431729564,-1.9043584687824477
2025-10-08T19:35:10.962354+00:00,49998.34459057716,0.24894904593911937,-1.6554094228413305
2025-10-08T19:35:20.979291+00:00,50003.371670774555,5.027080197395266,3.3716707745552412
2025-10-08T19:35:31.044782+00:00,50003.371670774555,0.0,3.3716707745552412
2025-10-08T19:35:41.105243+00:00,50001.64620033304,-1.7254704415205895,1.6462003330379957
2025-10-08T19:35:51.119128+00:00,49997.04602786889,-4.600172464146986,-2.9539721311084577
2025-10-08T19:36:01.138778+00:00,50002.987840058326,5.941812189435165,2.9878400583256735
2025-10-08T19:36:11.156279+00:00,50001.86090133254,-1.126938725784191,1.8609013325403794
2025-10-08T19:36:21.158526+00:00,49992.85774490817,-9.003156424368061,-7.1422550918287016
2025-10-08T19:36:31.166564+00:00,49992.85774490817,0.0,-7.1422550918287016
2025-10-08T19:36:41.181850+00:00,49984.3302875163,-8.527457391870259,-15.669712483701005
2025-10-08T19:36:51.194423+00:00,49984.3302875163,0.0,-15.669712483701005
2025-10-08T19:37:01.211737+00:00,49992.02213956669,7.691852050391255,-7.9778604333114345
2025-10-08T19:37:11.214370+00:00,49993.18913877391,1.1669992072235298,-6.81086122609122
2025-10-08T19:37:21.228089+00:00,49992.726767155356,-0.4623716185511304,-7.273232844643644
2025-10-08T19:37:31.243443+00:00,49994.43815133659,1.7113841812307773,-5.561848663412093
2025-10-08T19:37:41.308424+00:00,49993.440693233344,-0.9974581032437289,-6.559306766655936
2025-10-08T19:37:51.318603+00:00,49993.440693233344,0.0,-6.559306766655936
2025-10-08T19:38:01.326589+00:00,50001.21991164877,7.779218415420638,1.219911648768175
2025-10-08T19:38:11.378107+00:00,50002.84364172588,1.6237300771090768,2.843641725878115
2025-10-08T19:38:21.395748+00:00,50006.10493267645,3.261290950568394,6.104932676447788
2025-10-08T19:38:31.408722+00:00,50006.10493267645,0.0,6.104932676447788
2025-10-08T19:38:41.422252+00:00,49995.0296978551,-11.0752348213518,-4.970302144902234
2025-10-08T19:38:51.432248+00:00,49995.0296978551,0.0,-4.970302144902234
2025-10-08T19:39:01.445643+00:00,50005.190815653,10.161117797896393,5.190815652997117
2025-10-08T19:39:11.460198+00:00,50003.15716864765,-2.0336470053415123,3.1571686476527248
2025-10-08T19:39:21.468428+00:00,49998.237024895374,-4.920143752277464,-1.7629751046260935
2025-10-08T19:39:31.474390+00:00,49996.71289326456,-1.52413163081984,-3.2871067354426486
2025-10-08T19:39:41.494433+00:00,49990.766718376755,-5.946174887805457,-9.233281623244693
2025-10-08T19:39:51.536036+00:00,49989.89152746326,-0.8751909134929776,-10.10847253674001
2025-10-08T19:40:01.540622+00:00,49983.1624967233,-6.729030739962077,-16.837503276699863
2025-10-08T19:40:11.560644+00:00,49981.42617087541,-1.7363258478881116,-18.573829124587064
2025-10-08T19:40:21.607309+00:00,49981.73410183586,0.3079309604468661,-18.265898164143437
2025-10-08T19:40:31.644886+00:00,49975.590424543676,-6.143677292182585,-24.40957545632409
2025-10-08T19:40:41.669833+00:00,49972.29913968805,-3.2912848556229437,-27.7008603119466
2025-10-08T19:40:51.695316+00:00,49970.424775605636,-1.8743640824194638,-29.57522439436434
2025-10-08T19:41:01.696609+00:00,49963.315870323015,-7.108905282623489,-36.68412967698532
2025-10-08T19:41:11.706820+00:00,49961.42298804322,-1.8928822797939313,-38.57701195678237
2025-10-08T19:41:21.707491+00:00,49959.580008609555,-1.8429794336655658,-40.41999139044492
2025-10-08T19:41:31.730092+00:00,49964.11410228421,4.534093674654754,-35.885897715786996
2025-10-08T19:41:41.739604+00:00,49963.326929155664,-0.7871731285497026,-36.6730708443356
2025-10-08T19:41:51.750662+00:00,49963.53031698483,0.20338782915999243,-36.46968301517336
2025-10-08T19:42:01.759813+00:00,49962.518768827606,-1.0115481572226654,-37.48123117239447
2025-10-08T19:42:11.823788+00:00,49957.46784695602,-5.050921871591721,-42.53215304398327
2025-10-08T19:42:21.837913+00:00,49949.36814518344,-8.099701772573155,-50.63185481655819
2025-10-08T19:42:31.852322+00:00,49942.28992583361,-7.078219349828238,-57.71007416638895
2025-10-08T19:42:41.851732+00:00,49947.414722602756,5.124796769145398,-52.58527739724377
2025-10-08T19:42:51.919170+00:00,49935.79758812423,-11.617134478524115,-64.20241187576903
2025-10-08T19:43:01.930472+00:00,49935.79758812423,0.0,-64.20241187576903
2025-10-08T19:43:11.942036+00:00,49939.022105646036,3.22451752180808,-60.977894353964075
2025-10-08T19:43:21.956003+00:00,49942.32128478094,3.2991791349078983,-57.678715219059086
2025-10-08T19:43:31.966086+00:00,49938.56418145031,-3.757103330631983,-61.43581854968943
2025-10-08T19:43:41.975091+00:00,49938.93991175075,0.37573030043645117,-61.06008824925084
2025-10-08T19:43:51.971257+00:00,49945.099871987906,6.159960237155834,-54.900128012093774
2025-10-08T19:44:01.978608+00:00,49936.521702536644,-8.57816945126229,-63.478297463356284
2025-10-08T19:44:11.973193+00:00,49932.67905562648,-3.8426469101616885,-67.3209443735177
2025-10-08T19:44:21.975108+00:00,49932.67905562648,0.0,-67.3209443735177
2025-10-08T19:44:31.969254+00:00,49939.54224845206,6.863192825580718,-60.45775154793955
2025-10-08T19:44:42.009714+00:00,49938.429519716934,-1.1127287351284705,-61.57048028306599
2025-10-08T19:44:52.049916+00:00,49939.11946663636,0.6899469194276863,-60.88053336364101
2025-10-08T19:45:02.075063+00:00,49939.11946663636,0.0,-60.88053336364101
2025-10-08T19:45:12.086778+00:00,49947.66738347185,8.54791683549207,-52.3326165281469
2025-10-08T19:45:22.101588+00:00,49945.48919784427,-2.178185627585977,-54.51080215573165
2025-10-08T19:45:32.115240+00:00,49953.533590945175,8.044393100907158,-46.46640905482491
2025-10-08T19:45:42.118698+00:00,49953.36762467741,-0.1659662677655046,-46.632375322587905
2025-10-08T19:45:52.115260+00:00,49959.95338703929,6.585762361880788,-40.046612960708444
2025-10-08T19:46:02.132392+00:00,49962.78698008543,2.8335930461407246,-37.21301991456858
2025-10-08T19:46:12.133613+00:00,49960.15725984919,-2.629720236237351,-39.84274015080882
2025-10-08T19:46:22.149803+00:00,49970.83260912056,10.675349271368798,-29.167390879440063
2025-10-08T19:46:32.163478+00:00,49970.6330546173,-0.1995545032644952,-29.366945382702397
2025-10-08T19:46:42.177292+00:00,49975.057202453936,4.424147836635475,-24.942797546063957
2025-10-08T19:46:52.188705+00:00,49970.19607584292,-4.861126611013376,-29.803924157080473
2025-10-08T19:47:02.235688+00:00,49971.04462945623,0.8485536133099014,-28.955370543772005
2025-10-08T19:47:12.281302+00:00,49981.65719286213,10.612563405898907,-18.342807137873024
2025-10-08T19:47:22.340840+00:00,49980.93198326373,-0.7252095983990394,-19.06801673627342
2025-10-08T19:47:32.402384+00:00,49974.51148088723,-6.420502376493767,-25.4885191127687
2025-10-08T19:47:42.421277+00:00,49974.00865482147,-0.5028260657632883,-25.991345178532356
2025-10-08T19:47:52.481693+00:00,49958.037480309875,-15.971174511592086,-41.96251969012519
2025-10-08T19:48:02.493807+00:00,49958.037480309875,0.0,-41.96251969012519
2025-10-08T19:48:12.506179+00:00,49959.312285454514,1.2748051446366055,-40.687714545485505
2025-10-08T19:48:22.536030+00:00,49960.07349589542,0.76121044090885,-39.92650410458009
2025-10-08T19:48:32.557423+00:00,49965.18856998297,5.115074087554891,-34.811430017027305
2025-10-08T19:48:42.567463+00:00,49965.18856998297,0.0,-34.811430017027305
2025-10-08T19:48:52.589131+00:00,49961.86681258092,-3.3217574020540708,-38.13318741908006
2025-10-08T19:49:02.647568+00:00,49960.93958741955,-0.9272251613731315,-39.060412580452976
2025-10-08T19:49:12.653206+00:00,49958.412123095295,-2.5274643242538715,-41.5878769047049
2025-10-08T19:49:22.667787+00:00,49961.478643028684,3.066519933387235,-38.52135697131598
2025-10-08T19:49:32.697622+00:00,49952.45041946386,-9.028223564823884,-47.54958053614246
2025-10-08T19:49:42.707450+00:00,49953.71959760403,1.2691781401736295,-46.28040239596885
2025-10-08T19:49:52.707425+00:00,49947.14483330529,-6.574764298744297,-52.855166694709624
2025-10-08T19:50:02.730115+00:00,49946.96271816346,-0.18211514183376148,-53.037281836543116
2025-10-08T19:50:12.761221+00:00,49951.64225649973,4.679538336267326,-48.3577435002735
2025-10-08T19:50:22.776640+00:00,49949.636262160035,-2.0059943396904774,-50.363737839965324
2025-10-08T19:50:32.839890+00:00,49959.859049721126,10.222787561091481,-40.14095027887379
2025-10-08T19:50:42.851341+00:00,49955.73628936188,-4.122760359247712,-44.263710638122575
2025-10-08T19:50:52.865642+00:00,49948.92952691905,-6.806762442828053,-51.07047308095207
2025-10-08T19:51:02.887448+00:00,49948.92952691905,0.0,-51.07047308095207
2025-10-08T19:51:12.900366+00:00,49935.49709918201,-13.43242773703798,-64.50290081799176
2025-10-08T19:51:22.899124+00:00,49935.49709918201,0.0,-64.50290081799176
2025-10-08T19:51:32.915026+00:00,49944.63922638748,9.14212720547419,-55.36077361251955
2025-10-08T19:51:42.949089+00:00,49944.617149215745,-0.02207717173720179,-55.382850784255425
2025-10-08T19:51:52.961479+00:00,49953.30242864465,8.685279428906805,-46.69757135534746
2025-10-08T19:52:03.002795+00:00,49954.43685728384,1.1344286391898308,-45.56314271615702
2025-10-08T19:52:13.021224+00:00,49958.833719726994,4.396862443149336,-41.16628027300612
2025-10-08T19:52:23.040813+00:00,49959.51110655778,0.6773868307883183,-40.488893442219705
2025-10-08T19:52:33.048873+00:00,49970.626500887316,11.115394329538638,-29.37349911268393
2025-10-08T19:52:43.071107+00:00,49970.626500887316,0.0,-29.37349911268393
2025-10-08T19:52:53.079634+00:00,49956.501546410305,-14.124954477013203,-43.49845358969469
2025-10-08T19:53:03.077755+00:00,49956.501546410305,0.0,-43.49845358969469
2025-10-08T19:53:13.097466+00:00,49953.74448135395,-2.7570650563611037,-46.255518646052224
2025-10-08T19:53:23.115109+00:00,49953.74448135395,0.0,-46.255518646052224
2025-10-08T19:53:33.120907+00:00,49955.75311868686,2.0086373329085854,-44.246881313141785
2025-10-08T19:53:43.141912+00:00,49955.75311868686,0.0,-44.246881313141785
2025-10-08T19:53:53.142996+00:00,49961.52595085037,5.772832163517729,-38.47404914962681
2025-10-08T19:54:03.157225+00:00,49956.74482507027,-4.781125780102147,-43.25517492972722
2025-10-08T19:54:13.175485+00:00,49953.9042042173,-2.8406208529711856,-46.09579578269768
2025-10-08T19:54:23.195209+00:00,49953.9042042173,0.0,-46.09579578269768
2025-10-08T19:54:33.205677+00:00,49954.117391013206,0.21318679590082623,-45.88260898679437
2025-10-08T19:54:43.206049+00:00,49954.117391013206,0.0,-45.88260898679437
2025-10-08T19:54:53.236697+00:00,49976.014666696006,21.89727568279983,-23.985333303993684
2025-10-08T19:55:03.236314+00:00,49968.32626052928,-7.688406166730948,-31.673739470723376
2025-10-08T19:55:13.251634+00:00,49971.334712973716,3.0084524444397487,-28.665287026284204
2025-10-08T19:55:23.255216+00:00,49971.334712973716,0.0,-28.665287026284204
2025-10-08T19:55:33.268601+00:00,49965.87885397919,-5.455858994524967,-34.12114602080692
2025-10-08T19:55:43.266601+00:00,49966.02214423122,0.1432902520279267,-33.97785576878232
2025-10-08T19:55:53.266576+00:00,49975.06568010549,9.043535874270795,-24.934319894513465
2025-10-08T19:56:03.276649+00:00,49976.02537211855,0.9596920130627115,-23.974627881449123
2025-10-08T19:56:13.339678+00:00,49971.648666890396,-4.376705228152654,-28.35133310960373
2025-10-08T19:56:23.386345+00:00,49965.55232467149,-6.096342218909584,-34.44767532851256
2025-10-08T19:56:33.431562+00:00,49965.13701530007,-0.4153093714222258,-34.862984699931985
2025-10-08T19:56:43.458943+00:00,49962.112940548104,-3.024074751961105,-37.887059451895766
2025-10-08T19:56:53.521483+00:00,49961.003318465766,-1.109622082336623,-38.996681534234085
2025-10-08T19:57:03.536825+00:00,49949.10740200306,-11.895916462707211,-50.89259799694264
2025-10-08T19:57:13.567814+00:00,49945.871274505545,-3.236127497512526,-54.12872549445456
2025-10-08T19:57:23.579647+00:00,49951.95118950889,6.079915003342162,-48.04881049111282
2025-10-08T19:57:33.589401+00:00,49963.601649408505,11.650459899620195,-36.39835059149482
2025-10-08T19:57:43.584944+00:00,49961.674532151956,-1.927117256548255,-38.325467848044354
2025-10-08T19:57:53.599646+00:00,49969.39398153973,7.7194493877747,-30.606018460268388
2025-10-08T19:58:03.609806+00:00,49974.242215628336,4.8482340886020605,-25.757784371664457
2025-10-08T19:58:13.620160+00:00,49973.422757620145,-0.8194580081893272,-26.577242379855306
2025-10-08T19:58:23.633492+00:00,49967.3197596646,-6.10299795554577,-32.68024033540132
2025-10-08T19:58:33.650363+00:00,49968.42147384209,1.1017141774966697,-31.578526157907618
2025-10-08T19:58:43.663906+00:00,49973.94847068161,5.526996839512578,-26.051529318392568
2025-10-08T19:58:53.690354+00:00,49977.648333251265,3.699862569660671,-22.351666748734715
2025-10-08T19:59:03.688320+00:00,49972.17750889902,-5.470824352250681,-27.822491100982006
2025-10-08T19:59:13.689103+00:00,49973.61769882491,1.4401899258981794,-26.382301175086468
2025-10-08T19:59:23.688458+00:00,49973.96641562826,0.34871680334939426,-26.03358437174029
2025-10-08T19:59:33.690127+00:00,49974.006038484804,0.039622856545887375,-25.993961515196133
2025-10-08T19:59:43.715395+00:00,49970.91147397262,-3.094564512180394,-29.088526027378975
2025-10-08T19:59:53.730623+00:00,49971.7728997294,0.8614257567856675,-28.227100270596566
2025-10-08T20:00:03.744552+00:00,49971.53918718851,-0.23371254089629656,-28.46081281149236
2025-10-08T20:00:13.757528+00:00,49971.630889380685,0.09170219217757136,-28.369110619314597
2025-10-08T20:00:23.774699+00:00,49971.630889380685,0.0,-28.369110619314597
2025-10-08T20:00:33.781882+00:00,49975.33201045269,3.7011210720030925,-24.667989547313482
2025-10-08T20:00:43.782852+00:00,49975.33201045269,0.0,-24.667989547313482
2025-10-08T20:00:53.796914+00:00,49982.18682350528,6.854813052595726,-17.81317649471748
2025-10-08T20:01:03.826608+00:00,49982.18682350528,0.0,-17.81317649471748
2025-10-08T20:01:13.854812+00:00,49982.18682350528,0.0,-17.81317649471748
2025-10-08T20:01:23.954446+00:00,49982.18682350528,0.0,-17.81317649471748
2025-10-08T20:01:33.957372+00:00,49982.18682350528,0.0,-17.81317649471748
2025-10-08T20:01:43.972125+00:00,49982.18682350528,0.0,-17.81317649471748
2025-10-08T20:01:53.971436+00:00,49982.18682350528,0.0,-17.81317649471748
2025-10-08T20:02:04.042697+00:00,49982.18682350528,0.0,-17.81317649471748
2025-10-08T20:02:14.047772+00:00,49982.18682350528,0.0,-17.81317649471748
2025-10-08T20:02:24.047651+00:00,49982.18682350528,0.0,-17.81317649471748
2025-10-08T20:02:34.051393+00:00,49982.18682350528,0.0,-17.81317649471748
2025-10-08T20:02:44.055136+00:00,49982.18682350528,0.0,-17.81317649471748
2025-10-08T20:02:54.072210+00:00,49982.18682350528,0.0,-17.81317649471748
2025-10-08T20:03:04.078838+00:00,49982.18682350528,0.0,-17.81317649471748
2025-10-08T20:03:14.138387+00:00,49982.18682350528,0.0,-17.81317649471748
2025-10-08T20:03:24.185439+00:00,49982.18682350528,0.0,-17.81317649471748
2025-10-08T20:03:34.192436+00:00,49982.18682350528,0.0,-17.81317649471748
2025-10-08T20:03:44.207685+00:00,49982.18682350528,0.0,-17.81317649471748
2025-10-08T20:03:54.244354+00:00,49982.18682350528,0.0,-17.81317649471748
2025-10-08T20:04:04.300970+00:00,49982.18682350528,0.0,-17.81317649471748
2025-10-08T20:04:14.302809+00:00,49982.18682350528,0.0,-17.81317649471748
2025-10-08T20:04:24.318235+00:00,49982.18682350528,0.0,-17.81317649471748
2025-10-08T20:04:34.353135+00:00,49982.18682350528,0.0,-17.81317649471748
2025-10-08T20:04:44.392131+00:00,49982.18682350528,0.0,-17.81317649471748
2025-10-08T20:04:54.412504+00:00,49982.18682350528,0.0,-17.81317649471748
2025-10-08T20:05:04.424466+00:00,49982.18682350528,0.0,-17.81317649471748
2025-10-08T20:05:14.422288+00:00,49982.18682350528,0.0,-17.81317649471748
2025-10-08T20:05:24.441353+00:00,49982.18682350528,0.0,-17.81317649471748
2025-10-08T20:05:34.460722+00:00,49982.18682350528,0.0,-17.81317649471748
2025-10-08T20:10:45.418598+00:00,5000.0,0.0,0.0
2025-10-08T20:11:00.556271+00:00,5000.0,0.0,0.0
2025-10-08T20:12:55.929256+00:00,50000.0,0.0,0.0
2025-10-08T20:14:01.119441+00:00,50000.0,0.0,0.0
2025-10-08T20:14:31.828151+00:00,50000.0,0.0,0.0
2025-10-08T20:15:01.846139+00:00,50000.23894213674,0.23894213673852904,0.23894213674066123
2025-10-08T20:15:34.751629+00:00,50000.23894213674,0.0,0.23894213674066123
2025-10-08T20:18:05.912016+00:00,50000.90182648911,0.6628843523692909,0.9018264891128638
2025-10-08T20:18:35.932462+00:00,50000.23899206724,-0.6628344218670252,0.23899206724308897
2025-10-08T20:19:05.939196+00:00,50000.23899206724,0.0,0.23899206724308897
2025-10-08T20:19:35.955624+00:00,50000.23899206724,0.0,0.23899206724308897
2025-10-08T20:20:05.961863+00:00,49999.64880886567,-0.5901832015760811,-0.3511911343302927
2025-10-08T20:20:38.080322+00:00,50000.23109440839,0.5822855427166016,0.23109440838743467
2025-10-08T20:21:08.083368+00:00,50000.23109440839,0.0,0.23109440838743467
2025-10-08T20:21:38.089166+00:00,50000.23109440839,0.0,0.23109440838743467
2025-10-08T20:22:08.105068+00:00,50000.23109440839,0.0,0.23109440838743467
2025-10-08T20:22:38.143042+00:00,50000.23109440839,0.0,0.23109440838743467
2025-10-08T20:23:08.165015+00:00,50000.23109440839,0.0,0.23109440838743467
2025-10-08T20:23:38.169965+00:00,50000.23109440839,0.0,0.23109440838743467
2025-10-08T20:24:08.180213+00:00,50000.23109440839,0.0,0.23109440838743467
2025-10-08T20:27:51.407248+00:00,50016.02245798534,15.783515848599704,16.022457985338406
